workload,baseline_ms,optimized_ms
200 visible: candlestick redraw,0.0602,0.0453
200 visible: bar redraw,0.0883,0.0795
200 visible: line redraw,0.0325,0.0204
200 visible: area redraw,0.0237,0.0189
200 visible: histogram redraw,0.0228,0.021
5000 visible: candlestick redraw,0.8283,0.8094
5000 visible: bar redraw,2.4197,2.2109
5000 visible: line redraw,0.2671,0.2795
5000 visible: area redraw,0.2644,0.2704
5000 visible: histogram redraw,0.3416,0.3531
200 visible: live sma,0.6824,0.7199
200 visible: live ema,0.8068,0.8375
200 visible: live boll,3.7379,5.3512
200 visible: live macd,3.8894,4.3847
200 visible: live rsi,2.0598,1.8309
200 visible: live kdj,4.5462,0.0787
200 visible: live vol,1.7787,0.0561
