version,dpr,visible_bars,workload,cpu_p50_ms,cpu_p95_ms,cpu_max_ms,frame_p95_ms,frame_max_ms,frames_over_25_ms,initialize_ms,cold_pointer_ms
baseline,1,201,redraw,0.3,0.4,0.5,16.7,16.8,0,49.1,0.6
baseline,1,201,pointer,0.3,0.4,0.4,16.7,16.8,0,49.1,0.6
baseline,1,201,pan,0.3,0.4,0.5,16.7,16.8,0,49.1,0.6
baseline,1,201,zoom,0.3,0.4,0.5,16.8,16.8,0,49.1,0.6
baseline,1,201,drawing,0.3,0.4,0.5,16.7,16.8,0,49.1,0.6
baseline,1,201,live,7.8,12.6,28.4,16.7,33.4,2,49.1,0.6
baseline,1,201,theme,0.3,0.4,0.5,16.8,16.8,0,49.1,0.6
baseline,1,5001,redraw,2.1,2.3,2.4,16.8,83.368,1,22.2,2.6
baseline,1,5001,pointer,2,2.1,2.2,16.7,16.8,0,22.2,2.6
baseline,1,5001,pan,2.1,2.2,2.3,16.7,16.8,0,22.2,2.6
baseline,1,5001,zoom,2.1,2.2,2.3,16.7,33.3,1,22.2,2.6
baseline,1,5001,drawing,2.2,5.2,5.8,16.8,16.8,0,22.2,2.6
baseline,1,5001,live,9.7,14.8,31,16.8,33.4,2,22.2,2.6
baseline,1,5001,theme,2.3,5.4,5.6,16.8,16.8,0,22.2,2.6
baseline,2,201,redraw,0.4,0.8,1.1,16.8,16.8,0,29.1,0.2
baseline,2,201,pointer,0.6,0.8,1.3,16.7,16.8,0,29.1,0.2
baseline,2,201,pan,0.6,0.9,1.3,16.8,16.8,0,29.1,0.2
baseline,2,201,zoom,0.6,0.9,1.1,16.7,16.8,0,29.1,0.2
baseline,2,201,drawing,0.7,1,1.3,16.8,16.8,0,29.1,0.2
baseline,2,201,live,7.8,12.5,29.3,16.8,33.3,2,29.1,0.2
baseline,2,201,theme,0.6,0.8,1,16.8,16.8,0,29.1,0.2
baseline,2,5001,redraw,2.4,5.6,6.1,16.8,66.7,1,22.7,2.7
baseline,2,5001,pointer,2.3,5.6,5.9,16.8,16.8,0,22.7,2.7
baseline,2,5001,pan,2.4,5.8,7.2,16.7,16.8,0,22.7,2.7
baseline,2,5001,zoom,2.4,5.8,6.6,16.8,33.4,1,22.7,2.7
baseline,2,5001,drawing,2.4,5.9,7.6,16.7,16.8,0,22.7,2.7
baseline,2,5001,live,10.3,28.6,31.5,16.8,33.4,3,22.7,2.7
baseline,2,5001,theme,2.7,5.5,5.7,16.7,16.8,0,22.7,2.7
optimized,1,201,redraw,0.5,0.9,1.1,16.7,16.8,0,46.1,1
optimized,1,201,pointer,0.2,0.5,0.6,16.7,16.8,0,46.1,1
optimized,1,201,pan,0.6,1.1,1.4,16.7,16.8,0,46.1,1
optimized,1,201,zoom,0.7,1.1,1.6,16.8,16.8,0,46.1,1
optimized,1,201,drawing,0.7,1.2,1.5,16.7,16.8,0,46.1,1
optimized,1,201,live,3.7,8.6,18.3,16.8,16.8,0,46.1,1
optimized,1,201,theme,0.6,0.9,1.8,16.7,16.7,0,46.1,1
optimized,1,5001,redraw,2.4,5.2,5.7,16.8,83.368,1,33.9,3.3
optimized,1,5001,pointer,0.2,0.4,0.5,16.8,16.8,0,33.9,3.3
optimized,1,5001,pan,2.7,3.5,5.9,16.8,33.4,1,33.9,3.3
optimized,1,5001,zoom,2.7,5.1,5.7,16.7,33.3,1,33.9,3.3
optimized,1,5001,drawing,2.9,5.3,5.7,16.7,16.8,0,33.9,3.3
optimized,1,5001,live,5.2,5.6,9,16.7,16.8,0,33.9,3.3
optimized,1,5001,theme,2.7,3.7,5.2,16.7,16.8,0,33.9,3.3
optimized,2,201,redraw,0.5,0.7,0.9,16.8,16.8,0,30.2,0.7
optimized,2,201,pointer,0.2,0.3,0.7,16.8,16.8,0,30.2,0.7
optimized,2,201,pan,0.6,0.7,1,16.8,16.8,0,30.2,0.7
optimized,2,201,zoom,0.6,0.9,1.5,16.8,16.8,0,30.2,0.7
optimized,2,201,drawing,0.6,0.9,1.1,16.8,16.8,0,30.2,0.7
optimized,2,201,live,3.7,7.4,7.6,16.7,16.8,0,30.2,0.7
optimized,2,201,theme,0.6,0.8,1.5,16.7,16.8,0,30.2,0.7
optimized,2,5001,redraw,2.3,5.4,5.6,16.8,66.6,1,19.2,4.2
optimized,2,5001,pointer,0.3,0.4,0.9,16.7,16.8,0,19.2,4.2
optimized,2,5001,pan,2.3,5.7,5.9,16.7,16.8,0,19.2,4.2
optimized,2,5001,zoom,2.2,5.6,5.7,16.8,16.8,0,19.2,4.2
optimized,2,5001,drawing,2.3,5.6,6,16.8,16.8,0,19.2,4.2
optimized,2,5001,live,5.6,5.8,6,16.8,16.8,0,19.2,4.2
optimized,2,5001,theme,2.3,5.6,6.2,16.7,16.8,0,19.2,4.2
